{
  "name": "ion-ripple",
  "main": "ion-ripple.js",
  "version": "1.0.8",
  "homepage": "https://github.com/vitaliy-bobrov/ionic-ripple",
  "authors": [
    "Vitaliy Bobrov"
  ],
  "description": "A standalone Ionic implementation of the Google Material Design ripple effect.",
  "moduleType": [],
  "keywords": [
    "ionic",
    "mobile",
    "html5",
    "cordova",
    "phonegap",
    "angularjs",
    "angular",
    "ripple",
    "google",
    "material"
  ],
  "license": "MIT",
  "ignore": [
    "**/.*",
    "node_modules"
  ],
  "_release": "1.0.8",
  "_resolution": {
    "type": "version",
    "tag": "v1.0.8",
    "commit": "6b6386d62f965bea48d0447b7168263d91c143c7"
  },
  "_source": "https://github.com/vitaliy-bobrov/ion-ripple.git",
  "_target": "^1.0.8",
  "_originalSource": "ion-ripple",
  "_direct": true
}